<?xml version="1.0" encoding="utf-8"?>
<ApplicationInstallerManifest>
   <DefaultInstallationDirectory>/Applications/MPF_BML/</DefaultInstallationDirectory>
   <ApplicationName>MPF_BML</ApplicationName>
   <ExecutableName>application/MPF_BML.exe</ExecutableName>
   <GUID>b1313364-57fa-4e73-b49e-d8bc892a29fe</GUID>
   <ApplicationIcon>default_icon_48.png</ApplicationIcon>
   <Logo>default_logo.png</Logo>
   <Version>1.0</Version>
   <InstallationNotes>In the following directions, replace MR/v96 by the directory on the target machine where MATLAB is installed, or MR by the directory where the MATLAB Runtime is installed.

If the environment variable DYLD_LIBRARY_PATH is undefined, set it to the following string:

MR/v96/runtime/maci64:MR/v96/sys/os/maci64:MR/v96/bin/maci64

If it is defined, set it to the following:

${DYLD_LIBRARY_PATH}:MR/v96/runtime/maci64:MR/v96/sys/os/maci64:MR/v96/bin/maci64
</InstallationNotes>
   <Summary>Minimum Probability Flow-Boltzmann Machine Learning (MPF-BML) GUI-based standalone application</Summary>
   <WelcomePanelText>MPF_BML 1.0
Minimum Probability Flow-Boltzmann Machine Learning (MPF-BML) GUI-based standalone application

MPF-BML is a fast and efficient method which infers the parameters of the maximum entropy distribution (Boltzmann distribution) using the Potts model

A.Quadeer,J.Barton,M.McKay,and R.Louie
rlouie@kirby.unsw.edu.au</WelcomePanelText>
   <MCRProducts>
      <MCRProduct>
         <ExternalProductIdentifier>35000</ExternalProductIdentifier>
      </MCRProduct>
      <MCRProduct>
         <ExternalProductIdentifier>35001</ExternalProductIdentifier>
      </MCRProduct>
      <MCRProduct>
         <ExternalProductIdentifier>35010</ExternalProductIdentifier>
      </MCRProduct>
      <MCRProduct>
         <ExternalProductIdentifier>35119</ExternalProductIdentifier>
      </MCRProduct>
      <MCRProduct>
         <ExternalProductIdentifier>35183</ExternalProductIdentifier>
      </MCRProduct>
      <MCRProduct>
         <ExternalProductIdentifier>35401</ExternalProductIdentifier>
      </MCRProduct>
   </MCRProducts>
</ApplicationInstallerManifest>